ID| First Name| Last Name| Email
1| John| Smith| john@gmail.com
2| Sachin| Dave| sachin@gmail.com
3| Raj| Patel| raj@gmail.com
4| John| Taylor| john@outlook.com
5| Maya| Kumar| maya@yahoo.com
6| Neha| Patel| neha@gmail.com
7| Meera| Sharma| meera@outlook.com
8| Chris| Verma| chris@example.com
9| Priya| Kumar| priya@example.com
10| Sonia| Kumar| sonia@gmail.com
11| John| Taylor| john@yahoo.com
12| Anil| Brown| anil@gmail.com
13| Neha| Patel| neha@example.com
14| Anil| Smith| anil@outlook.com
15| Amit| Smith| amit@gmail.com
16| Neha| Smith| neha@example.com
17| Sonia| Verma| sonia@yahoo.com
18| Meera| Singh| meera@outlook.com
19| John| Patel| john@gmail.com
20| John| Brown| john@gmail.com
21| John| Patel| john@yahoo.com
22| Maya| Johnson| maya@gmail.com
23| Meera| Patel| meera@yahoo.com
